{
	"credit": "Made with Blockbench",
	"textures": {
		"0": "up1",
		"1": "birch_planks",
		"particle": "up1"
	},
	"elements": [
		{
			"from": [0, 2.01, -4],
			"to": [16, 2.01, 20],
			"rotation": {"angle": 0, "axis": "y", "origin": [8, 1.75, 9.5]},
			"faces": {
				"north": {"uv": [0, 0, 16, 0], "texture": "#0"},
				"east": {"uv": [0, 0, 16, 0], "texture": "#0"},
				"south": {"uv": [0, 0, 16, 0], "texture": "#0"},
				"west": {"uv": [0, 0, 16, 0], "texture": "#0"},
				"up": {"uv": [0, 0, 16, 16], "rotation": 180, "texture": "#0"},
				"down": {"uv": [0, 0, 16, 16], "rotation": 180, "texture": "#0"}
			}
		},
		{
			"from": [-0.5, 1, -4.5],
			"to": [16.5, 2, 20.5],
			"rotation": {"angle": 0, "axis": "y", "origin": [8, 1.75, 9.5]},
			"faces": {
				"north": {"uv": [0, 0, 16, 1], "texture": "#1"},
				"east": {"uv": [0, 0, 16, 1], "texture": "#1"},
				"south": {"uv": [0, 0, 16, 1], "texture": "#1"},
				"west": {"uv": [0, 0, 16, 1], "texture": "#1"},
				"up": {"uv": [0, 0, 16, 16], "rotation": 180, "texture": "#1"},
				"down": {"uv": [0, 0, 16, 16], "rotation": 180, "texture": "#1"}
			}
		}
	],
	"display": {
		"thirdperson_righthand": {
			"rotation": [0, 90, 0],
			"translation": [-5.5, 7, 1]
		},
		"thirdperson_lefthand": {
			"rotation": [0, 90, 0],
			"translation": [-5.75, 7, 1]
		},
		"firstperson_righthand": {
			"rotation": [89, 180, -14],
			"translation": [5.75, 1.5, 2],
			"scale": [0.9, 0.9, 0.9]
		},
		"firstperson_lefthand": {
			"rotation": [89, 180, -14],
			"translation": [5.75, 4.5, 2],
			"scale": [0.9, 0.9, 0.9]
		},
		"ground": {
			"translation": [0, 2.5, 2]
		},
		"gui": {
			"rotation": [79, 180, 0],
			"translation": [0, 0.75, 0],
			"scale": [0.6, 0.6, 0.6]
		},
		"head": {
			"translation": [0, 12.5, 3]
		},
		"fixed": {
			"rotation": [-90, 0, 0],
			"translation": [0, 1.25, -12],
			"scale": [2, 2, 2]
		}
	}
}