{
	"credit": "Made with Blockbench",
	"texture_size": [27, 18],
	"textures": {
		"0": "gold",
		"1": "velvet",
		"particle": "gold"
	},
	"elements": [
		{
			"from": [5.875, 0, 7.18313],
			"to": [9.875, 1, 11.18313],
			"rotation": {"angle": 0, "axis": "y", "origin": [6.875, 0, 10.18313]},
			"faces": {
				"north": {"uv": [11.32308, 4.43761, 10.33846, 4.88205], "texture": "#0"},
				"east": {"uv": [11.56923, 2.66667, 11.32308, 4.44444], "rotation": 90, "texture": "#0"},
				"south": {"uv": [11.32308, 2.22906, 10.33846, 2.6735], "rotation": 180, "texture": "#0"},
				"west": {"uv": [10.33846, 4.44444, 10.09231, 2.66667], "rotation": 90, "texture": "#0"},
				"up": {"uv": [10.33846, 4.44444, 11.32308, 2.66667], "texture": "#0"},
				"down": {"uv": [9.10769, 4.44444, 10.09231, 2.66667], "texture": "#0"}
			}
		},
		{
			"from": [6.875, 0.3, 5.18313],
			"to": [8.375, 0.7, 8.18313],
			"rotation": {"angle": 22.5, "axis": "y", "origin": [7.875, 0, 7.18313]},
			"faces": {
				"north": {"uv": [8.88889, 5.33333, 7.11111, 6.22222], "texture": "#1"},
				"east": {"uv": [7.11111, 6.22222, 3.55556, 7.11111], "texture": "#1"},
				"south": {"uv": [8.88889, 11.55556, 7.11111, 12.44444], "texture": "#1"},
				"west": {"uv": [12.44444, 6.22222, 8.88889, 7.11111], "texture": "#1"},
				"up": {"uv": [7.11111, 5.33333, 8.88889, 0], "texture": "#1"},
				"down": {"uv": [7.11111, 11.55556, 8.88889, 6.22222], "texture": "#1"}
			}
		},
		{
			"from": [7.625, 0.301, 5.18313],
			"to": [9.125, 0.701, 8.18313],
			"rotation": {"angle": -22.5, "axis": "y", "origin": [8.125, 1, 7.18313]},
			"faces": {
				"north": {"uv": [8.88889, 5.33333, 7.11111, 6.22222], "rotation": 180, "texture": "#1"},
				"east": {"uv": [13.62963, 6.22222, 8.88889, 7.11111], "rotation": 180, "texture": "#1"},
				"south": {"uv": [8.88889, 11.55556, 7.11111, 12.44444], "rotation": 180, "texture": "#1"},
				"west": {"uv": [6.51852, 6.22222, 7.11111, 11.55556], "rotation": 90, "texture": "#1"},
				"up": {"uv": [7.11111, 11.55556, 8.88889, 6.22222], "rotation": 180, "texture": "#1"},
				"down": {"uv": [7.11111, 5.33333, 8.88889, 0], "rotation": 180, "texture": "#1"}
			}
		}
	],
	"display": {
		"thirdperson_righthand": {
			"translation": [0, 8, 0.25]
		},
		"thirdperson_lefthand": {
			"translation": [0, 8, 0.25]
		},
		"firstperson_righthand": {
			"rotation": [-84.97, 13.35, 133],
			"translation": [-8.25, 6.5, 9.5],
			"scale": [0.81, 0.81, 0.81]
		},
		"firstperson_lefthand": {
			"rotation": [-84.97, 13.35, 133],
			"translation": [-8.25, 6.5, 9.5],
			"scale": [0.81, 0.81, 0.81]
		},
		"ground": {
			"translation": [0, 8.5, 0],
			"scale": [1.5, 1.5, 1.5]
		},
		"gui": {
			"rotation": [-90, 0, 180],
			"translation": [0, -0.75, 0],
			"scale": [2.19, 2.19, 2.19]
		},
		"head": {
			"rotation": [-90, 0, 180],
			"translation": [0, -4.5, 35.25],
			"scale": [4, 4, 4]
		},
		"fixed": {
			"rotation": [-90, 0, 0],
			"translation": [0, -1, -21],
			"scale": [2.74, 2.74, 2.74]
		}
	}
}