{
	"credit": "Made with Blockbench",
	"ambientocclusion": false,
	"texture_size": [64, 64],
	"textures": {
		"0": "microphone",
		"1": "microphonestand",
		"particle": "microphone"
	},
	"elements": [
		{
			"from": [1.5, -0.4, 1.5],
			"to": [14.5, 1, 14.5],
			"rotation": {"angle": 0, "axis": "y", "origin": [7, 0, 7]},
			"faces": {
				"north": {"uv": [5.25, 0, 8.5, 0.375], "texture": "#1"},
				"east": {"uv": [5.25, 0.5, 8.5, 0.875], "texture": "#1"},
				"south": {"uv": [5.25, 1, 8.5, 1.375], "texture": "#1"},
				"west": {"uv": [5.25, 1.5, 8.5, 1.875], "texture": "#1"},
				"up": {"uv": [3.25, 3.25, 0, 0], "texture": "#1"},
				"down": {"uv": [3.25, 3.25, 0, 6.5], "texture": "#1"}
			}
		},
		{
			"from": [7, 1, 7],
			"to": [9, 20, 9],
			"rotation": {"angle": 0, "axis": "y", "origin": [7, 1, 7]},
			"faces": {
				"north": {"uv": [3.25, 0, 3.75, 5.75], "texture": "#1"},
				"east": {"uv": [3.75, 0, 4.25, 5.75], "texture": "#1"},
				"south": {"uv": [4.25, 0, 4.75, 5.75], "texture": "#1"},
				"west": {"uv": [4.75, 0, 5.25, 5.75], "texture": "#1"},
				"up": {"uv": [5.75, 4.5, 5.25, 4], "texture": "#1"},
				"down": {"uv": [5.75, 4.5, 5.25, 5], "texture": "#1"}
			}
		},
		{
			"from": [6.8, 20, 6],
			"to": [9.2, 21, 10],
			"rotation": {"angle": 0, "axis": "y", "origin": [7, 20, 7]},
			"faces": {
				"north": {"uv": [5.75, 4.25, 6.375, 4.5], "texture": "#1"},
				"east": {"uv": [5.25, 5, 6.25, 5.25], "texture": "#1"},
				"south": {"uv": [5.75, 4.5, 6.375, 4.75], "texture": "#1"},
				"west": {"uv": [5.25, 5.25, 6.25, 5.5], "texture": "#1"},
				"up": {"uv": [5.875, 3, 5.25, 2], "texture": "#1"},
				"down": {"uv": [5.875, 3, 5.25, 4], "texture": "#1"}
			}
		},
		{
			"from": [6.8, 21, 6],
			"to": [9.2, 22, 7],
			"rotation": {"angle": 0, "axis": "y", "origin": [7, 21, 7]},
			"faces": {
				"north": {"uv": [4.75, 5.75, 5.375, 6], "texture": "#1"},
				"east": {"uv": [6, 2.75, 6.25, 3], "texture": "#1"},
				"south": {"uv": [5.75, 4.75, 6.375, 5], "texture": "#1"},
				"west": {"uv": [6, 3, 6.25, 3.25], "texture": "#1"},
				"up": {"uv": [6.125, 6, 5.5, 5.75], "texture": "#1"},
				"down": {"uv": [6.625, 2, 6, 2.25], "texture": "#1"}
			}
		},
		{
			"from": [6.8, 21, 9],
			"to": [9.2, 22, 10],
			"rotation": {"angle": 0, "axis": "y", "origin": [7, 21, 10]},
			"faces": {
				"north": {"uv": [5.25, 5.5, 5.875, 5.75], "texture": "#1"},
				"east": {"uv": [6, 2.25, 6.25, 2.5], "texture": "#1"},
				"south": {"uv": [3.25, 5.75, 3.875, 6], "texture": "#1"},
				"west": {"uv": [6, 2.5, 6.25, 2.75], "texture": "#1"},
				"up": {"uv": [4.625, 6, 4, 5.75], "texture": "#1"},
				"down": {"uv": [6.375, 4, 5.75, 4.25], "texture": "#1"}
			}
		},
		{
			"from": [2.9, 20.8, 6.5],
			"to": [5.9, 23.8, 9.5],
			"rotation": {"angle": -22.5, "axis": "z", "origin": [5.9, 21.3, 7]},
			"faces": {
				"north": {"uv": [6, 0, 9, 3], "texture": "#0"},
				"east": {"uv": [6, 3, 9, 6], "texture": "#0"},
				"south": {"uv": [6, 6, 9, 9], "texture": "#0"},
				"west": {"uv": [0, 8, 3, 11], "texture": "#0"},
				"up": {"uv": [6, 11, 3, 8], "texture": "#0"},
				"down": {"uv": [12, 0, 9, 3], "texture": "#0"}
			}
		},
		{
			"from": [4.9, 20.1, 7],
			"to": [10.9, 22.1, 9],
			"rotation": {"angle": -22.5, "axis": "z", "origin": [8.9, 20.1, 7]},
			"faces": {
				"north": {"uv": [0, 0, 6, 2], "texture": "#0"},
				"east": {"uv": [9, 3, 11, 5], "texture": "#0"},
				"south": {"uv": [0, 2, 6, 4], "texture": "#0"},
				"west": {"uv": [9, 5, 11, 7], "texture": "#0"},
				"up": {"uv": [6, 6, 0, 4], "texture": "#0"},
				"down": {"uv": [6, 6, 0, 8], "texture": "#0"}
			}
		}
	],
	"display": {
		"thirdperson_righthand": {
			"rotation": [0, 90, 0],
			"translation": [0, -6, 1.75]
		},
		"thirdperson_lefthand": {
			"rotation": [70, -90, 0],
			"translation": [-6, 2.25, -6.25]
		},
		"firstperson_righthand": {
			"rotation": [0, 61, 0],
			"translation": [0, -8.5, 0]
		},
		"firstperson_lefthand": {
			"rotation": [0, -94, 0],
			"translation": [-8.5, -8.5, 0]
		},
		"ground": {
			"rotation": [90, 0, 0],
			"translation": [0, 2.25, 0],
			"scale": [0.75, 0.75, 0.75]
		},
		"gui": {
			"rotation": [0, 40, 0],
			"translation": [0, -2.25, 0],
			"scale": [0.5, 0.5, 0.5]
		},
		"fixed": {
			"rotation": [-90, 0, 0],
			"translation": [0, 0, -14.25],
			"scale": [2, 2, 2]
		}
	}
}